{
  "cpe_not_reachable": {
    "precision": 0.6666666666666666,
    "recall": 0.8888888888888888,
    "f1-score": 0.761904761904762,
    "support": 9,
    "confused_with": {
      "link_flapping": 1
    }
  },
  "greet": {
    "precision": 0.7857142857142857,
    "recall": 0.8461538461538461,
    "f1-score": 0.8148148148148148,
    "support": 13,
    "confused_with": {
      "mood_great": 2
    }
  },
  "bot_challenge": {
    "precision": 0.7142857142857143,
    "recall": 1.0,
    "f1-score": 0.8333333333333333,
    "support": 5,
    "confused_with": {}
  },
  "latency_issue": {
    "precision": 0.8571428571428571,
    "recall": 0.9230769230769231,
    "f1-score": 0.888888888888889,
    "support": 13,
    "confused_with": {
      "throughput_issue": 1
    }
  },
  "affirm": {
    "precision": 0.3333333333333333,
    "recall": 0.16666666666666666,
    "f1-score": 0.2222222222222222,
    "support": 6,
    "confused_with": {
      "mood_great": 2,
      "throughput_issue": 1,
      "deny": 1
    }
  },
  "cpe_reachable_unable_toconnect_fleximanage": {
    "precision": 0.8571428571428571,
    "recall": 1.0,
    "f1-score": 0.923076923076923,
    "support": 6,
    "confused_with": {}
  },
  "link_flapping": {
    "precision": 0.9,
    "recall": 1.0,
    "f1-score": 0.9473684210526316,
    "support": 9,
    "confused_with": {}
  },
  "deny": {
    "precision": 0.625,
    "recall": 0.625,
    "f1-score": 0.625,
    "support": 8,
    "confused_with": {
      "cpe_not_reachable": 2,
      "latency_issue": 1
    }
  },
  "nlu_fallback": {
    "precision": 1.0,
    "recall": 0.14285714285714285,
    "f1-score": 0.25,
    "support": 7,
    "confused_with": {
      "bot_challenge": 2,
      "mood_great": 1
    }
  },
  "goodbye": {
    "precision": 0.6666666666666666,
    "recall": 0.6,
    "f1-score": 0.631578947368421,
    "support": 10,
    "confused_with": {
      "mood_great": 2,
      "greet": 1
    }
  },
  "mood_great": {
    "precision": 0.6111111111111112,
    "recall": 0.6111111111111112,
    "f1-score": 0.6111111111111112,
    "support": 18,
    "confused_with": {
      "goodbye": 3,
      "greet": 2
    }
  },
  "throughput_issue": {
    "precision": 0.7777777777777778,
    "recall": 0.875,
    "f1-score": 0.823529411764706,
    "support": 8,
    "confused_with": {
      "cpe_not_reachable": 1
    }
  },
  "accuracy": 0.7321428571428571,
  "macro avg": {
    "precision": 0.7329034391534393,
    "recall": 0.7232295482295483,
    "f1-score": 0.6944024029614845,
    "support": 112
  },
  "weighted avg": {
    "precision": 0.7326814058956916,
    "recall": 0.7321428571428571,
    "f1-score": 0.7073579741163224,
    "support": 112
  }
}